{
        "calibration": {
                "points_2d": [
                        [
                                2718.4542857142856,
                                1139.0057142857142
                        ],
                        [
                                1886.7342857142858,
                                1128.7628571428572
                        ],
                        [
                                889.08,
                                1120.5685714285714
                        ],
                        [
                                2243.1857142857143,
                                1360.2514285714285
                        ],
                        [
                                559.26,
                                1341.8142857142857
                        ]
                ],
                "points_3d": [
                        [
                                -6.6,
                                -1.575,
                                0
                        ],
                        [
                                -2.45,
                                -1.575,
                                0
                        ],
                        [
                                2.45,
                                -1.575,
                                0
                        ],
                        [
                                -2.45,
                                4.225,
                                0
                        ],
                        [
                                2.45,
                                4.225,
                                0
                        ]
                ]
        },
        "camera_params": {
                "calibration_pnp": {
                        "intrinsic_matrix": [
                                [
                                        2893.9524678974253,
                                        0.0,
                                        1434.0
                                ],
                                [
                                        0.0,
                                        2893.9524678974253,
                                        804.0
                                ],
                                [
                                        0.0,
                                        0.0,
                                        1.0
                                ]
                        ],
                        "rotation_matrix": [
                                [
                                        -0.9996189180974384,
                                        0.023790153213995573,
                                        0.014001685318612588
                                ],
                                [
                                        -0.013934798297493382,
                                        0.00297500700397646,
                                        -0.9998984802117337
                                ],
                                [
                                        -0.023829393154568806,
                                        -0.9997125476572659,
                                        -0.0026423622961435633
                                ]
                        ],
                        "translation_vector": [
                                [
                                        -0.17897382530047143
                                ],
                                [
                                        1.5791644108942862
                                ],
                                [
                                        12.643778755627293
                                ]
                        ],
                        "focal_length": 2893.9524678974253,
                        "camera_height": 1.6149194739044306
                }
        },
        "coordinate_system": {
                "origin": "Hoop center projection on the ground",
                "axes": {
                        "X": "Right->left",
                        "Y": "hoop->camera",
                        "Z": "ground->up"
                },
                "units": "meters",
                "note": "ground is Z=0"
        },
        "HomographyZ": [
                [
                        0.0020401210723497067,
                        -0.0001138226836776785,
                        -2.7055036226791414
                ],
                [
                        0.00016188200384912942,
                        -0.015967026277598155,
                        18.386263157916837
                ],
                [
                        1.4296880056681577e-05,
                        -0.001273422337725484,
                        1.0
                ]
        ]
}